{
  "scene_yml": "/mnt/robot/lw_benchhub/configs/envhub/generated/scene_variation_2.yml",
  "threshold": 0.5,
  "passed": true,
  "n_objects": 4,
  "n_reachable_either_arm": 4,
  "reach_ratio": 1.0,
  "per_object": [
    {
      "name": "plate",
      "world_pos": [
        2.2524220943450928,
        -2.170276165008545,
        0.7893660068511963
      ],
      "arm_base_left_world": [
        2.580000019202254,
        -1.839880590998551,
        0.75
      ],
      "arm_base_right_world": [
        2.28000011431215,
        -1.8401194757586512,
        0.75
      ],
      "local_left": [
        0.3301346246837196,
        -0.3278409092289384,
        0.03936600685119629
      ],
      "local_right": [
        0.33013462468371946,
        -0.02784090922893843,
        0.03936600685119629
      ],
      "left_err": 0.008231349289417267,
      "right_err": 0.0011674324050545692,
      "either_arm_reach": true
    },
    {
      "name": "akita_black_bowl",
      "world_pos": [
        2.477426290512085,
        -1.926358699798584,
        0.8101065158843994
      ],
      "arm_base_left_world": [
        2.580000019202254,
        -1.839880590998551,
        0.75
      ],
      "arm_base_right_world": [
        2.28000011431215,
        -1.8401194757586512,
        0.75
      ],
      "local_left": [
        0.0863964037150508,
        -0.10264255717849555,
        0.060106515884399414
      ],
      "local_right": [
        0.08639640371505067,
        0.1973574428215044,
        0.060106515884399414
      ],
      "left_err": 0.012814465910196304,
      "right_err": 0.0012931178789585829,
      "either_arm_reach": true
    },
    {
      "name": "wine_bottle",
      "world_pos": [
        2.6190578937530518,
        -1.9504269361495972,
        0.8961520195007324
      ],
      "arm_base_left_world": [
        2.580000019202254,
        -1.839880590998551,
        0.75
      ],
      "arm_base_right_world": [
        2.28000011431215,
        -1.8401194757586512,
        0.75
      ],
      "local_left": [
        0.11057741120751517,
        0.03896983604435854,
        0.14615201950073242
      ],
      "local_right": [
        0.11057741120751503,
        0.3389698360443585,
        0.14615201950073242
      ],
      "left_err": 0.02955094911158085,
      "right_err": 0.0025458228774368763,
      "either_arm_reach": true
    },
    {
      "name": "cream_cheese",
      "world_pos": [
        2.0777502059936523,
        -1.9043515920639038,
        0.7931868433952332
      ],
      "arm_base_left_world": [
        2.580000019202254,
        -1.839880590998551,
        0.75
      ],
      "arm_base_right_world": [
        2.28000011431215,
        -1.8401194757586512,
        0.75
      ],
      "local_left": [
        0.06407104787212327,
        -0.5023009911109196,
        0.043186843395233154
      ],
      "local_right": [
        0.06407104787212313,
        -0.20230099111091965,
        0.043186843395233154
      ],
      "left_err": 0.016697349026799202,
      "right_err": 0.0031210356391966343,
      "either_arm_reach": true
    }
  ],
  "robot_pose": {
    "name": "robot",
    "world_pos": [
      2.430000066757202,
      -1.840000033378601,
      0.75
    ],
    "world_quat_wxyz": [
      0.7073882222175598,
      0.0,
      0.0,
      -0.7068251967430115
    ],
    "yaw_rad": -1.5700000441770803
  },
  "check_kind": "v5-live-isaaclab+curobo-ik",
  "layout": "libero-8-8",
  "task": "LGPutTheBowlOnThePlate",
  "robot": "DoublePiper-Abs",
  "seed": 34
}
