{"seed": 0, "bowl_world": [2.2992658615112305, -2.116407632827759, 0.8101065158843994], "robot_world": [2.430000066757202, -1.840000033378601, 0.75], "dist_to_robot": 0.31161736773322796}