{
  "scene_yml": "/mnt/robot/stage4_flywheel/configs/hard_scene.yml",
  "threshold": 0.5,
  "passed": true,
  "n_objects": 2,
  "n_reachable_either_arm": 2,
  "reach_ratio": 1.0,
  "per_object": [
    {
      "name": "akita_black_bowl",
      "world_pos": [
        2.3175535202026367,
        -2.0512166023254395,
        0.8101065158843994
      ],
      "arm_base_left_world": [
        2.580000019202254,
        -1.839880590998551,
        0.75
      ],
      "arm_base_right_world": [
        2.28000011431215,
        -1.8401194757586512,
        0.75
      ],
      "local_left": [
        0.21112696276322612,
        -0.26261469896997436,
        0.060106515884399414
      ],
      "local_right": [
        0.21112696276322598,
        0.03738530103002563,
        0.060106515884399414
      ],
      "left_err": 0.005268584005534649,
      "right_err": 0.0012996327131986618,
      "either_arm_reach": true
    },
    {
      "name": "plate",
      "world_pos": [
        2.55712628364563,
        -2.1989328861236572,
        0.7893660068511963
      ],
      "arm_base_left_world": [
        2.580000019202254,
        -1.839880590998551,
        0.75
      ],
      "arm_base_right_world": [
        2.28000011431215,
        -1.8401194757586512,
        0.75
      ],
      "local_left": [
        0.3590339673375812,
        -0.02315963537617668,
        0.03936600685119629
      ],
      "local_right": [
        0.3590339673375811,
        0.2768403646238233,
        0.03936600685119629
      ],
      "left_err": 0.006303642876446247,
      "right_err": 0.013661581091582775,
      "either_arm_reach": true
    }
  ],
  "robot_pose": {
    "name": "robot",
    "world_pos": [
      2.430000066757202,
      -1.840000033378601,
      0.75
    ],
    "world_quat_wxyz": [
      0.7073882222175598,
      0.0,
      0.0,
      -0.7068251967430115
    ],
    "yaw_rad": -1.5700000441770803
  },
  "check_kind": "v5-live-isaaclab+curobo-ik",
  "layout": "libero-1-1",
  "task": "L90K1PutTheBlackBowlOnThePlate",
  "robot": "DoublePiper-Abs",
  "seed": 48
}